{
  "Models": [
    {
      "density": 50,
      "dampingGamma": 0.0,
      "hasNoGravZone": false,
      "initialVelocity": [
        0,
        0,
        0
      ],
      "materialName": "NeoHookean",
      "maxVelocityMagnitude": 25,
      "noGravZoneThreshold": 0.0,
      "path": "${REPO_ROOT}\\Data\\mesh_models\\ModelsDifferentRes\\Cube\\Cube_subdivided.t",
      "rotation": [
        0,
        0,
        0
      ],
      "scale": [
        1.0,
        1.0,
        1.0
      ],
      "shuffleParallelizationGroup": true,
      "tetsColoringCategoriesPath": "${REPO_ROOT}\\Data\\mesh_models\\ModelsDifferentRes\\Cube\\Cube_subdivided.t.tetColoring.json",
      "translation": [
        2.25,
        10.0,
        0.0
      ],
      "translationBeforeScaling": [
        0.0,
        0.0,
        0.0
      ],
      "verticesColoringCategoriesPath": "${REPO_ROOT}\\Data\\mesh_models\\ModelsDifferentRes\\Cube\\Cube_subdivided.t.vertexColoring.json",
      "miu": 333.4444814938313,
      "lmbd": 333111.0370123371,
      "exponentialVelDamping": 0.9,
      "constantVelDamping": 0.1,
      "frictionDynamic": 0.2,
      "frictionEpsV": 0.01,
      "dampingShear": 1e-07,
      "dampingVolume": 1e-07,
      "frameToAppear": 0,
      "fixedPoints": [
        0,
        1,
        2,
        10,
        15,
        35,
        60,
        61,
        62,
        63,
        64,
        65,
        66,
        67,
        68,
        69,
        70,
        71,
        72,
        73,
        74,
        75,
        77,
        78,
        97,
        98,
        99,
        100,
        161,
        162,
        163,
        164,
        165,
        166,
        167,
        168,
        169,
        170,
        171,
        172,
        173,
        174,
        175,
        176,
        177,
        178,
        179,
        180,
        181,
        182,
        183,
        184,
        185,
        186,
        187,
        188,
        189,
        190,
        191,
        192,
        193,
        194,
        195,
        196,
        202,
        205,
        210,
        213,
        366,
        367,
        368,
        369,
        370,
        371,
        372,
        373,
        374,
        375,
        376,
        378,
        379,
        382,
        383,
        384,
        445,
        446,
        447,
        448,
        449,
        450,
        451,
        452,
        453,
        454,
        455,
        456,
        457,
        458,
        459,
        460,
        461,
        462,
        463,
        464,
        465,
        466,
        467,
        468,
        469,
        470,
        471,
        472,
        473,
        474,
        475,
        476,
        477,
        478,
        479,
        480,
        494,
        575,
        661,
        662,
        663,
        664,
        665,
        666,
        667,
        668,
        669,
        670,
        671,
        672,
        679,
        685,
        733,
        734,
        735,
        736,
        737,
        738,
        739,
        740,
        741,
        742,
        743,
        744,
        745,
        746,
        747,
        748,
        749,
        750,
        751,
        752,
        753,
        754,
        755,
        756,
        757,
        758,
        759,
        760,
        761,
        762,
        763,
        764,
        765,
        766,
        767,
        768,
        949,
        950,
        951,
        952,
        953,
        954,
        955,
        956,
        957,
        958,
        959,
        960,
        961,
        962,
        963,
        1084,
        1085,
        1086,
        1087,
        1088,
        1089,
        1090,
        1091,
        1092,
        1093,
        1094,
        1095,
        1096,
        1097,
        1098,
        1099,
        1100,
        1101,
        1102,
        1103,
        1104,
        1105,
        1106,
        1107,
        1108,
        1109,
        1110,
        1111,
        1112,
        1113,
        1114,
        1115,
        1116,
        1117,
        1118,
        1119,
        1120,
        1121,
        1122,
        1123,
        1124,
        1125,
        1126,
        1127,
        1128,
        1129,
        1130,
        1131,
        1132,
        1133,
        1134,
        1135,
        1136,
        1137,
        1138,
        1139,
        1140,
        1141,
        1142,
        1143,
        1144,
        1145,
        1146,
        1147,
        1148,
        1149,
        1150,
        1151,
        1152,
        1153,
        1161,
        1165,
        1167,
        1171,
        1179,
        1183,
        1187,
        1490,
        1491,
        1492,
        1493,
        1494,
        1495,
        1496,
        1497,
        1498,
        1499,
        1500,
        1501,
        1502,
        1503,
        1504,
        1505,
        1506,
        1507,
        1508,
        1509,
        1511,
        1514,
        1515,
        1516,
        1517,
        2433
      ]
    }
  ]
}